{"KspC": [-11382.436074363632, 140.73200935076414, 100.77555738995578, 5.10276403360353, 2.8231401754963916, -26.19731551898005, 5.648960719779807, -71.73820409173346, -3.0299646041113313, -11.671069517343817, 124.82037588461637, 219.5362021704231, -29.4393113905257, 7.806382775857703, -78.05996038969276, 0.0006860595956630147, -0.9578483258600713, -12.988001333628723, 15.237460959982602, 50.459392748130945, 24.991920750178668, 0.0004795310506295891, -0.7968363877818945, -0.0002966222450755396, -0.0026595686096868576, 0.02455474833766047, -6.412219518012675, 0.4298968275090025, 1.9026367939631905, -19.869047799303992, 5.021830418172613e-07, -0.000920235216629095, -0.009487770891507985, 0.015612849521346561, 0.030564323457703324, 0.017087739552437142, 185.79983796200253, 11.154281247814993, 13.726056302407752, -159.03009720254664, -0.000143056754978943, 0.22478581992418611, 2.782265214389561, -3.586122635309734, -10.599123254158116, -5.3547295311481715, 3.361533629231417e-08, -0.00037143313418397383, -0.0004477626506513843, 0.02887478528999665, 0.050310411306377034, 0.024707528269861, 0.3097100700887599, 0.8912913125285565, 0.8547079044232542, 0.27230740004174403], "KspA": [-11382.436074363632, 140.73200935076414, 100.77555738995578, 5.10276403360353, 2.8231401754963916, -26.19731551898005, 5.648960719779807, -71.73820409173346, -3.0299646041113313, -11.671069517343817, 124.82037588461637, 219.5362021704231, -29.4393113905257, 7.806382775857703, -78.05996038969276, 0.0006860595956630147, -0.9578483258600713, -12.988001333628723, 15.237460959982602, 50.459392748130945, 24.991920750178668, 0.0004795310506295891, -0.7968363877818945, -0.0002966222450755396, -0.0026595686096868576, 0.02455474833766047, -6.412219518012675, 0.4298968275090025, 1.9026367939631905, -19.869047799303992, 5.021830418172613e-07, -0.000920235216629095, -0.009487770891507985, 0.015612849521346561, 0.030564323457703324, 0.017087739552437142, 185.79983796200253, 11.154281247814993, 13.726056302407752, -159.03009720254664, -0.000143056754978943, 0.22478581992418611, 2.782265214389561, -3.586122635309734, -10.599123254158116, -5.3547295311481715, 3.361533629231417e-08, -0.00037143313418397383, -0.0004477626506513843, 0.02887478528999665, 0.050310411306377034, 0.024707528269861, 0.3097100700887599, 0.8912913125285565, 0.8547079044232542, 0.27230740004174403], "K1": [-6.375767432022663, 1.0788891658549529, 1.1460966753802089, 1.0858581099628402, -1.8968938902453123, 2.8084552906994267, -0.053752381904766264, -2.180177242759452, 0.20313145615768338, 8.952620914479802, -13.1852261084288, 2.3242522801890835, 1.4748749054609316, -5.620432623109379, 8.300640672532447, 2.2419463781760104e-05, -3.49375121978722, -3.795138086751375, 5.214384191954403, 13.397560890946894, 9.363949833591912, -2.7963038051748157e-06, 0.006945810371374483, 1.9506934884397625e-05, 0.001785902171023812, -0.0026355230956242037, 0.4618783080845712, -0.02877900153925997, -1.4282735299807843, 2.10404724833077, 2.0061330818776923e-08, -0.0025062290175154045, -0.00265466300004695, 0.00373516986703315, 0.009520336410444585, 0.006636735789730341, 0.9263140751237426, -0.705394149253145, -11.335803735047273, 16.666204020613925, -5.743468982188915e-06, 0.744969156458172, 0.8057385349325701, -1.1095029181214304, -2.848638574813668, -1.9910896731792853, 2.1355377910481366e-08, 4.6213319128796115e-05, -3.530841742893642e-05, -0.00018548138777563228, -0.00018004588781561637, 3.316741757120045e-05, -0.00010965446991997863, -3.794690116963595e-05, -6.591367106702217e-05, -0.00014100288287398344], "K2": [-11354.339047860652, 140.48305161199542, 100.6347898310036, 5.092518367023226, 2.9614313302402304, -25.975168112825962, 5.629602821539068, -71.77392321808875, -3.0273712075269805, -12.365082547504961, 123.7441419984928, 219.21615559181058, -29.408743033365987, 8.212968990800782, -77.4022932514666, 0.0006811574666925873, -0.8250161241431966, -13.357788668231024, 7.353164922993962, 49.455059603845015, 1.342288227797079, 0.0004780821856940065, -0.7941722423808244, -0.00029639712933848816, -0.0028108977809182534, 0.02433919200050738, -6.350480767610877, 0.4295345779056402, 2.01560818860518, -19.696434618355735, 5.120794384083638e-07, -0.000902708413132558, -0.009780689762390438, -0.038483696414516544, -0.07169701661420902, -0.049208717857865736, 185.42297558591525, 11.143767666470893, 14.52761890849628, -157.7091673212397, -0.00014295738742475805, 0.20077179268466772, 2.862437003868571, 0.9952769586203871, -4.626034323563324, 2.257849308905243, 1.7864095980257844e-08, -0.00033002389509562136, -0.00031380517756929294, -0.13916883394345803, -0.25587524317441535, -0.09571321272990119, 0.7770622771953493, 2.319899917938557, 2.300291253645444, 0.7579543973716589], "KW": [29.845731363110175, -0.5926521499717249, -0.5041211591284973, 0.026826941510427686, -0.9328382861862494, 0.27141030523593224, -0.005168112411408864, 0.6571205829339828, 0.017276918570901963, 3.5803100079102332, -1.1187299966153748, -1.0422538254192553, 0.2513058927268791, -2.810433147325361, 0.8107024143375487, -0.002234089861026695, -2.558192958765195, -1.941166923024341, 100.66973100983479, 67.42727829824527, 17.884519956456895, -9.280357662067029e-07, 0.0008902458577970812, 1.1502734696605392e-06, 0.00029810755754289264, -0.00014222770948646435, -0.0800701012172666, -0.0023183960207859844, -0.516705599483593, 0.16918314189300168, -1.470668027803157e-06, -0.0022811607774784193, -0.001086334948513068, 0.021801643769137513, -0.0049725717874338216, 0.010243229885205096, -0.6700313834968226, -0.0857085716582695, -5.962535736288238, 1.6791160627089385, 0.00047917460566004877, 0.5986200609826291, 0.39217535997372366, -18.570819545382474, -11.505962946569976, -4.062919105801089, -1.2627996248681939e-07, -0.000774695320164831, -0.00023124087060821807, -0.21581539821455298, -0.16416486743922132, 0.08174006691598112, 1.6373220490753935, 2.916100134783749, 1.001511482363727, -0.3815793758934209], "KB": [-39.22756550240549, 1.5183780493510168, 1.4089989510171101, 0.2831935550036922, -0.1065542580913966, -0.25281935350179086, -0.02904658750565679, -2.0988064952640015, -0.0012853408012880548, 2.6983204170690684, 3.4435143568557414, 2.7484198522220096, -0.14855291985810953, -0.6670439240320255, -1.1591387827909396, 0.00011645223270995915, 0.8352549749408713, 0.8345773266142891, 1300.141072755466, 3067.9784222557846, 1706.5105435143062, -9.535800426507812e-07, 0.003548331365497495, 2.1324504326843824e-08, 0.000893226742317843, 0.0009170656517867304, 0.3759907691652869, 0.00014137529412089345, -0.4669599871152604, -0.5730454070111637, 8.30283071184823e-08, 0.0005183266208124149, 0.0006124551361039732, 0.9274624931374547, 2.203860081703624, 1.2404144621659725, 1.2248917808306743, 0.02161597139442506, -2.6248546653641256, -3.8668437079306166, -2.533791166570154e-05, -0.16835246188793462, -0.17078166243322812, -277.0721932329983, -654.8378168852713, -365.2089698396642, 7.184658556980139e-08, -5.7095434698339886e-05, -2.9673988464651302e-05, 0.16510462274894167, 0.5011499028464641, 0.3812822768785509, 5.815315169271694, 26.225842758571908, 39.290867371664994, 19.614882474755376],