{
  "nll": [
    290961.64047904726,
    290961.78702859813,
    290961.65237003914
  ],
  "qmu": [
    0.0,
    0.2930991017492488,
    0.02378198376391083
  ],
  "status": [
    0,
    0,
    0
  ],
  "klambda": [
    1.4971406084201861,
    0,
    1
  ],
  "mu": [
    1.4971406084201861,
    0,
    1
  ]
}