{
  "0": 3.877729658065528,
  "2": 9.419432748008587,
  "1": 5.8993491434909915,
  "-1": 2.7941189393107666,
  "-2": 2.0812774789159794,
  "obs": 4.69772575327998,
  "inj": 0
}