{
  "0": {
    "NLL_name": "nll_simPdf_asimovData_0_with_constr",
    "limit": 3.877729658065528,
    "sigma_obs": 1.9758239393282953,
    "sigma_b": 1.9758239393282953,
    "muhat": 0.0,
    "pmu": 0.025083444830107937,
    "1-pb": 0.5,
    "CLs": 0.050166889660215874,
    "qmu95": 3.844269712859774,
    "qmu": 3.835871998453513,
    "qmuA0": 3.835871998453513,
    "precision": 0.01938864829032764,
    "correction": 0.008002937100509477,
    "status": 0
  },
  "2": {
    "NLL_name": "nll_simPdf_asimovData_3.98475422_with_constr",
    "limit": 9.419432748008587,
    "sigma_obs": 3.2756104218805153,
    "sigma_b": 2.636523153414849,
    "muhat": 3.984754216511915,
    "pmu": 0.048900847440718986,
    "1-pb": 0.027894378621037497,
    "CLs": 0.050304047590375614,
    "qmu95": 2.7510403432924355,
    "qmu": 2.7410302377538756,
    "qmuA0": 12.732678102562204,
    "precision": 0.047097163740042934,
    "correction": 0.01155924221223259,
    "status": 0
  },
  "1": {
    "NLL_name": "nll_simPdf_asimovData_1.70604896_with_constr",
    "limit": 5.8993491434909915,
    "sigma_obs": 2.4098676241593338,
    "sigma_b": 2.2218062527909335,
    "muhat": 1.7060489592141739,
    "pmu": 0.041780982759825,
    "1-pb": 0.18027138741211468,
    "CLs": 0.05096928680813316,
    "qmu95": 3.030868885359273,
    "qmu": 2.994223457877524,
    "qmuA0": 6.994511010823771,
    "precision": 0.029496745717454958,
    "correction": 0.023307516508330295,
    "status": 0
  },
  "obs": {
    "NLL_name": "nll_simPdf_combData_with_constr",
    "limit": 4.69772575327998,
    "sigma_obs": 2.0562215630272607,
    "sigma_b": 2.0785340678966784,
    "muhat": 0.9307003214514185,
    "pmu": 0.03377900096148556,
    "1-pb": 0.3342727167466768,
    "CLs": 0.05073999791087418,
    "qmu95": 3.3734895711304334,
    "qmu": 3.341378162847832,
    "qmuA0": 5.0899369734106585,
    "precision": 0.0234886287663999,
    "correction": 0.00836818411933038,
    "status": 0
  }
}