{
    "chp_ice_size_kw": [350, 700, 1400],
    "chp_ice_map": [
        {
            "__chp_nominal_size_kw__": 350,
            "__description__": "CHP map 1",
            "temperature_reference_k":313.15,
            "altitude_reference_m": 0, 
            "pressure_reference_pa": 101325, 
            "air_molar_mass_kg_per_mol": 0.0289652, 
            "gravitational_acc_m_per_s2": 9.81,
            "universal_gas_const_j_per_molk": 8.314, 
			"temperature_regime_supply_return_k":[358.15, 338.15],
			"load_limits_percent": [20, 100],
        	"engine_load_percent": [100, 75, 50, 25, 0],
			"power_mech_kw": [362.70, 272.00, 181.30, 90.70, 0.0],
			"power_el_kw": [350.00, 262.51, 174.99, 87.49, 0.0],
        	"energy_flow_input_kw": [875.0, 679.58, 486.28, 299.08, 0.0],
        	"heat_flow_exhaust_kw": [149.28, 117.38, 86.78, 56.50, 0.0],
        	"heat_flow_coolant_kw": [156.5, 137.72, 118.50, 89.22, 0.0],
        	"heat_flow_oilcooling_kw": [0, 0, 0, 0, 0],
        	"heat_flow_intercooler_kw": [62.31, 46.94, 20.86, 4.03, 0.0],
        	"heat_flow_radiation_kw": [54.64, 38.03, 31.06, 28.19, 0.0],
        	"heat_flow_recovered_kw": [305.78, 255.11, 205.28, 145.72, 0.0],
			"exhaust_flow_rate_m3n_per_h": [1549.80, 1164.50, 821.90, 525.20, 0.0],
			"emiss_rate_nox_mg_per_m3n": 500
        },
        {
            "__chp_nominal_size_kw__": 700,
            "__description__": "CHP map 2",
            "temperature_reference_k":313.15,
            "altitude_reference_m": 0, 
            "pressure_reference_pa": 101325, 
            "air_molar_mass_kg_per_mol": 0.0289652, 
            "gravitational_acc_m_per_s2": 9.81,
            "universal_gas_const_j_per_molk": 8.314, 
			"temperature_regime_supply_return_k":[358.15, 338.15],
			"load_limits_percent": [20, 100],
        	"engine_load_percent": [100, 75, 50, 25, 0],
			"power_mech_kw": [725.39, 544.06, 362.67, 181.33, 0.0],
			"power_el_kw": [700.00, 525.01, 349.97, 174.99, 0.0],
        	"energy_flow_input_kw": [1750.00, 1359.17, 972.56, 598.17, 0.0],
        	"heat_flow_exhaust_kw": [298.56, 234.78, 173.56, 113.00, 0.0],
        	"heat_flow_coolant_kw": [313.00, 275.44, 237.00, 178.44, 0.0],
        	"heat_flow_oilcooling_kw": [0, 0, 0, 0, 0],
        	"heat_flow_intercooler_kw": [124,61, 93.89, 41.72, 8.06, 0.0],
        	"heat_flow_radiation_kw": [109.28, 76.06, 62.11, 56.39, 0.0],
        	"heat_flow_recovered_kw": [611.56, 510.22, 410.56, 291.44, 0.0],
			"exhaust_flow_rate_m3n_per_h": [3099.6, 2329.0, 1643.8, 1050.4, 0.0],
			"emiss_rate_nox_mg_per_m3n": 500		
        },
        {
            "__chp_nominal_size_kw__": 1400,
            "__description__": "CHP map 3",
            "temperature_reference_k":313.15,
            "altitude_reference_m": 0, 
            "pressure_reference_pa": 101325, 
            "air_molar_mass_kg_per_mol": 0.0289652, 
            "gravitational_acc_m_per_s2": 9.81,
            "universal_gas_const_j_per_molk": 8.314, 
			"temperature_regime_supply_return_k":[358.15, 338.15],
			"load_limits_percent": [20, 100],
        	"engine_load_percent": [100, 75, 50, 25, 0],
			"power_mech_kw": [1450.78, 1088.11, 725.33, 362.67, 0.0],
			"power_el_kw": [1400.00, 1050.00, 700.00, 350.00, 0.0],
        	"energy_flow_input_kw": [3500.00, 2718.33, 1945.11, 1196.33, 0.0],
        	"heat_flow_exhaust_kw": [597.11, 469.56, 347.11, 226.00, 0.0],
        	"heat_flow_coolant_kw": [626.00, 550.89, 474.00, 356.89, 0.0],
        	"heat_flow_oilcooling_kw": [0, 0, 0, 0, 0],
        	"heat_flow_intercooler_kw": [249.22, 187.78, 83.44, 16.11, 0.0],
        	"heat_flow_radiation_kw": [218.56, 152.11, 124.22, 112.78, 0.0],
        	"heat_flow_recovered_kw": [1223.11, 1020.44, 821.11, 582.89, 0.0],
			"exhaust_flow_rate_m3n_per_h": [6199.2, 4658.0, 3287.6, 2100.8, 0.0],
			"emiss_rate_nox_mg_per_m3n": 500
        }
    ]
}