{
  "median_global": 6.125250141056027,
  "mad_global": 3.0584898687807938,
  "k": 2,
  "snr_db_ref": [
    5.812080288033102,
    4.368061344652293,
    8.135939587713152,
    6.984680232906626,
    7.352502476622712,
    11.374704430380973,
    11.32181314257512,
    8.186777938674055,
    9.414279792212506,
    8.325252589068823,
    2.5855490156751992,
    6.283801898307261,
    8.691376803359063,
    -1.8865118208265585,
    4.610588652349947,
    2.486444816479287,
    -12.48013476874155,
    9.593916489644926,
    4.433652549698283,
    -0.40552032409524696,
    6.540022786086998,
    3.225722144886203,
    3.0253313099798222,
    1.7755469298475777,
    5.406531388637371,
    2.4424446420918415,
    6.310497129648763,
    -6.580250195278154,
    6.643651344169582,
    4.87003268207334,
    7.039320701158878,
    7.4769989891256365,
    5.366211300171132,
    9.5580044081611,
    12.676464625471713,
    8.679656376257919,
    8.025541011118358,
    7.077956510212433,
    10.467942866889953,
    8.982017425932254,
    7.315601257321297,
    5.350757238318774,
    12.26328749715156,
    1.7659168342606215,
    -1.3723843292801026,
    4.154268143260879,
    7.1853159457425715,
    5.009335618183166,
    5.714226735810371,
    6.080289083651264,
    4.261456414359019,
    2.598179250987273,
    10.92425520033854,
    3.777329736306882,
    7.718477936841461,
    0.7707662627702182,
    6.612025638037736,
    0.6740615082422188,
    4.515908759947693,
    6.158422604440314,
    4.401071473557886,
    4.780376169674881,
    6.204108429261551,
    4.5023727765158625,
    4.831427943903856,
    5.116242581120696,
    7.897815795664531,
    9.305305067030382,
    4.810461307827694,
    4.255911314543804,
    9.782265542265096,
    3.2979622477721064,
    5.042098250831407,
    7.095212678195616,
    6.032035614299715,
    4.328378017087049,
    5.921254959390877,
    -0.7517837710336359,
    7.58631040672671,
    1.6552322309988092,
    2.790540630215266,
    8.289648652994629,
    2.9465627293439893,
    3.9598381583454834,
    5.982036183601892,
    5.846609235292838,
    2.8945473767516594,
    7.039399140425421,
    5.850316015461853,
    4.5618691010293695,
    5.088881691755677,
    5.8693606100054225,
    5.285596829168259,
    5.576522332910091,
    7.242809831371705,
    4.873412202638063,
    5.432759921702399,
    7.933896801642844,
    6.239086639674189,
    6.8279206297189585,
    9.654513095169454,
    6.167360399104406,
    -0.2848305743342322,
    7.997304463566838,
    1.7728589470537055,
    5.649950191541127,
    4.038530321137072,
    9.831074719443357,
    0.9824533329016792,
    -2.0308763881973606,
    6.418422785243779,
    6.825740061363176,
    9.3194027106521,
    10.83034131065678,
    10.774427337341226,
    3.370986179258955,
    1.9992652898393217,
    7.661891120788575,
    3.040843216995945,
    6.414778441360176,
    8.288725345623176,
    5.597720097878836,
    5.812080288033102,
    4.368061344652293,
    8.135939587713152,
    6.984680232906626,
    7.352502476622712,
    11.374704430380973,
    11.32181314257512,
    8.186777938674055,
    9.414279792212506,
    8.325252589068823,
    2.5855490156751992,
    6.283801898307261,
    8.691376803359063,
    -1.8865118208265585,
    4.610588652349947,
    2.486444816479287,
    -12.48013476874155,
    9.593916489644926,
    4.433652549698283,
    -0.40552032409524696,
    6.540022786086998,
    3.225722144886203,
    3.0253313099798222,
    1.7755469298475777,
    5.406531388637371,
    2.4424446420918415,
    6.310497129648763,
    -6.580250195278154,
    6.643651344169582,
    4.87003268207334,
    7.039320701158878,
    7.4769989891256365,
    5.366211300171132,
    9.5580044081611,
    12.676464625471713,
    8.679656376257919,
    8.025541011118358,
    7.077956510212433,
    10.467942866889953,
    8.982017425932254,
    7.315601257321297,
    5.350757238318774,
    12.26328749715156,
    1.7659168342606215,
    -1.3723843292801026,
    4.154268143260879,
    7.1853159457425715,
    5.009335618183166,
    5.714226735810371,
    6.080289083651264,
    4.261456414359019,
    2.598179250987273,
    10.92425520033854,
    3.777329736306882,
    7.718477936841461,
    0.7707662627702182,
    6.612025638037736,
    0.6740615082422188,
    4.515908759947693,
    6.158422604440314,
    4.401071473557886,
    5.607556330495404,
    2.7841905937064664,
    9.525902301776615,
    1.9691992131557214,
    3.7501708125792033,
    1.3156982803051585,
    2.3914263736424637,
    -1.1914443625122169,
    0.3131251160034878,
    -0.5318009248493355,
    -0.5636133660829366,
    1.6685903279594085,
    2.221590774707626,
    2.1096007021303396,
    -3.0899442172496405,
    3.0349411826524326,
    -1.3314345237522696,
    0.7692373402193557,
    0.3444293010741945,
    -1.4695139816943312,
    0.5686276857496178,
    1.3061834148945703,
    2.5322039401915197,
    0.6474235033737646,
    2.9202689264833914,
    -5.737279015512776,
    0.28208738416369444,
    1.963917351563928,
    1.3355319983406595,
    -2.922631352354367,
    0.9896233461070894,
    3.020938312081507,
    4.90243853396323,
    3.768097228805995,
    -0.14221400732086445,
    0.6168119446729293,
    2.8309476284762773,
    -0.5423599287973588,
    -0.30182762283609643,
    -3.529617204966003,
    1.277005955491922,
    -4.680206074180796,
    -2.199125361010959,
    -0.609850935600229,
    1.340870964274519,
    3.143860146014281,
    0.7463089404536418,
    2.741682650023414,
    -0.7745963512939273,
    4.441756304402762,
    -0.4248568172384762,
    2.244921717300257,
    3.307130269700357,
    0.4684419136064704,
    1.2328308263374579,
    -7.057847894247102,
    3.5886876716354843,
    14.313673332557347,
    15.503987825834717,
    9.798179461990077,
    9.618600101426583,
    8.648283827501572,
    7.510252178894622,
    9.243602472801356,
    9.46234605277436,
    4.630132108836685,
    -3.97950534758378,
    5.266676964227475,
    10.470393804948756,
    8.208514041759615,
    4.38063852149882,
    -1.5221283976467035,
    6.295101787918366,
    10.06291444063896,
    2.406049626066375,
    2.501450748159076,
    6.915042542258493,
    10.421330128439505,
    9.388478460929871,
    2.700920059038609,
    6.61712503752801,
    -4.102239140562676,
    12.176259602298165,
    9.360641693601124,
    13.718521538806236,
    8.300027292653994,
    10.036057273700361,
    10.65539109923269,
    9.439251644475267,
    9.359683910815509,
    9.027935290173467,
    7.859559835025362,
    3.1465672465641426,
    4.748723562222331,
    7.188788850758691,
    2.1830546028498397,
    1.996140017090168,
    5.89436353201183,
    8.872611776810045,
    0.012929876155813556,
    11.531592743453203,
    1.285932088244228,
    9.914587035279855,
    8.82161192388056,
    6.039679452709777,
    6.125250141056027,
    6.306148143257252,
    7.758825987594541,
    9.940486568417395,
    7.932230960181284,
    10.49877581022174,
    6.250612597451301,
    9.146761748795955,
    7.885555549261724,
    6.515708206326218,
    0.839347013674847,
    11.345632189393001,
    8.52104579337529,
    6.972083376898586,
    9.414519988446939,
    11.834413042704009,
    10.998947152844252,
    -1.6129106079006195,
    7.099472295960072,
    12.49367258559065,
    6.920784672265245,
    -0.7446792753738517,
    1.8303463571247411,
    6.616401545113945,
    11.776397543970244,
    -9.141793409213616,
    2.147561718181101,
    9.607832707149953,
    12.373214393481167,
    8.961561425331544,
    -3.396720844414573,
    7.495994430487513,
    -1.394952685935721,
    13.385117817798179,
    12.351083018646008,
