{
  "nll": [
    517.910226260276,
    518.703518430697,
    518.2302598267261
  ],
  "qmu": [
    0.0,
    1.586584340842137,
    0.6400671329001852
  ],
  "status": [
    0,
    0,
    0
  ],
  "klambda": [
    2.751143642536255,
    0,
    1
  ],
  "mu": [
    2.751143642536255,
    0,
    1
  ]
}