{
  "0": {
    "NLL_name": "nll_CombinedPdf_asimovData_0_with_constr",
    "limit": 5.6815264177614,
    "sigma_obs": 2.8949145242216914,
    "sigma_b": 2.8949145242216914,
    "muhat": 0.0,
    "pmu": 0.025391335362796363,
    "1-pb": 0.5,
    "CLs": 0.05078267072559273,
    "qmu95": 3.854881351224958,
    "qmu": 3.8154266380465742,
    "qmuA0": 3.8154266380465742,
    "precision": 0.028407632088807002,
    "correction": 0.026855976947071092,
    "status": 0
  },
  "2": {
    "NLL_name": "nll_CombinedPdf_asimovData_5.85228733_with_constr",
    "limit": 14.059185031487822,
    "sigma_obs": 4.942440664865466,
    "sigma_b": 4.00123257621789,
    "muhat": 5.852287325143612,
    "pmu": 0.04880778902137517,
    "1-pb": 0.03199247532444505,
    "CLs": 0.0504208777072616,
    "qmu95": 2.7579762991934538,
    "qmu": 2.7440745603114465,
    "qmuA0": 12.311744464407184,
    "precision": 0.07029592515743911,
    "correction": 0.019621952727820968,
    "status": 0
  },
  "1": {
    "NLL_name": "nll_CombinedPdf_asimovData_2.3950071_with_constr",
    "limit": 8.738915862494062,
    "sigma_obs": 3.63255660929788,
    "sigma_b": 3.3336767985132636,
    "muhat": 2.395007095594028,
    "pmu": 0.04072638549300067,
    "1-pb": 0.19088623293767681,
    "CLs": 0.05033456004693548,
    "qmu95": 3.048514341782759,
    "qmu": 3.035672899310157,
    "qmuA0": 6.848445024650573,
    "precision": 0.04369457931247031,
    "correction": 0.014839076697235498,
    "status": 0
  },
  "obs": {
    "NLL_name": "nll_CombinedPdf_combData_with_constr",
    "limit": 4.203773795965509,
    "sigma_obs": 2.8848071201241425,
    "sigma_b": 2.6729699087174645,
    "muhat": -2.418653971700404,
    "pmu": 0.012521790735478211,
    "1-pb": 0.7471069296871399,
    "CLs": 0.049514171028835235,
    "qmu95": 4.554501739173531,
    "qmu": 4.578095170339338,
    "qmuA0": 2.481621932530288,
    "precision": 0.021018868979827545,
    "correction": -0.006999684224393121,
    "status": 1
  }
}