{
  "0": 5.6815264177614,
  "2": 14.059185031487822,
  "1": 8.738915862494062,
  "-1": 4.093854385914317,
  "-2": 3.049421703381974,
  "obs": 4.203773795965509,
  "inj": 0
}