{"(0.0, 0)|add": 1.0147553256632154, "(62.5, 1)|z3": -0.020000000000000004, "(62.5, 3)|add": -0.010000000000000002, "(62.5, 4)|add": 0.18000000000000002, "(87.5, 5)|add": 0.07100000000000001, "(75.0, 1)|add": 0.6092791100000001, "(87.5, 2)|add": 0.18509310000000004, "(87.5, 3)|z3": 0.0, "(87.5, 3)|add": -0.010000000000000002, "(87.5, 4)|add": 0.26100000000000007, "(87.5, 2)|remove": -0.09000000000000001, "(62.5, 1)|add": -0.019000000000000003, "(62.5, 2)|add": -0.010000000000000002, "(62.5, 3)|z3": -0.020000000000000004, "(62.5, 5)|add": -0.010000000000000002, "(62.5, 6)|add": -0.010000000000000002, "(62.5, 7)|add": 0.07100000000000001, "(87.5, 8)|add": -0.010000000000000002, "(87.5, 9)|z3": -0.010000000000000002, "(87.5, 3)|remove": -0.09000000000000001, "(62.5, 2)|z3": -0.020900000000000002, "(62.5, 4)|merge": -0.010000000000000002, "(62.5, 5)|merge": -0.010000000000000002, "(62.5, 6)|remove": 0.010000000000000002, "(62.5, 5)|z3": -0.011000000000000001, "(87.5, 3)|merge": 0.08000000000000002, "(62.5, 4)|remove": 0.010000000000000002, "(62.5, 3)|merge": -0.0009999999999999996, "(87.5, 6)|z3": 0.0, "(87.5, 6)|merge": 0.09000000000000001, "(87.5, 2)|z3": -0.0009999999999999996, "(75.0, 1)|z3": 0.10056590000000001, "(60.0, 1)|add": 0.18917349, "(60.0, 2)|add": 0.17900000000000002, "(70.0, 3)|add": 0.23680000000000007, "(90.0, 4)|add": -0.010000000000000002, "(90.0, 5)|add": 0.1629, "(90.0, 6)|add": -0.01929, "(90.0, 7)|z3": -0.0046099999999999995, "(90.0, 7)|merge": -0.010000000000000002, "(90.0, 8)|add": -0.010000000000000002, "(0.0, 0)|z3": 0.20518, "(60.0, 4)|add": 0.24390000000000006, "(70.0, 5)|add": -0.010000000000000002, "(70.0, 6)|remove": 0.019000000000000003, "(70.0, 5)|z3": -0.020000000000000004, "(70.0, 7)|add": -0.010000000000000002, "(70.0, 8)|z3": -0.020000000000000004, "(70.0, 10)|add": 0.09000000000000001, "(60.0, 2)|z3": 0.08000000000000002, "(70.0, 4)|add": 0.06100000000000001, "(90.0, 5)|z3": -0.010000000000000002, "(90.0, 6)|z3": -0.0029, "(90.0, 6)|merge": -0.010000000000000002, "(90.0, 7)|add": 0.05390000000000001, "(60.0, 1)|z3": 0.26273490000000005, "(70.0, 5)|merge": -0.009, "(70.0, 5)|remove": -0.08100000000000002, "(80.0, 5)|z3": -0.010000000000000002, "(80.0, 6)|add": 0.18449000000000004, "(80.0, 2)|add": -0.010000000000000002, "(80.0, 3)|add": -0.010000000000000002, "(80.0, 4)|z3": 0.053800000000000014, "(90.0, 8)|z3": -0.010000000000000002, "(90.0, 9)|add": -0.010000000000000002, "(80.0, 3)|remove": -0.08100000000000002, "(90.0, 4)|z3": 0.0, "(90.0, 4)|remove": 0.054200000000000005, "(90.0, 3)|add": 0.09000000000000001, "(90.0, 3)|z3": -0.0072000000000000015, "(80.0, 2)|z3": -0.010000000000000002, "(80.0, 3)|z3": -0.0009999999999999996, "(60.0, 4)|remove": 0.010000000000000002, "(60.0, 3)|add": 0.09710000000000002, "(80.0, 5)|add": 0.08944900000000001, "(90.0, 6)|remove": -0.08100000000000002, "(53.84615384615385, 1)|add": 0.3104837900000001, "(76.92307692307693, 2)|remove": -0.09000000000000001, "(61.53846153846154, 1)|add": 0.17100000000000004, "(76.92307692307693, 2)|add": -0.010000000000000002, "(76.92307692307693, 3)|add": 0.081, "(76.92307692307693, 4)|remove": -0.0719, "(76.92307692307693, 3)|z3": 0.0, "(84.61538461538461, 4)|z3": 0.0, "(53.84615384615385, 2)|z3": -0.04000000000000001, "(53.84615384615385, 6)|add": 0.09000000000000001, "(69.23076923076923, 7)|merge": -0.010000000000000002, "(69.23076923076923, 8)|add": 0.15390000000000004, "(76.92307692307693, 9)|add": -0.010000000000000002, "(76.92307692307693, 10)|add": 0.09000000000000001, "(61.53846153846154, 2)|add": -0.010000000000000002, "(61.53846153846154, 3)|add": -0.010000000000000002, "(61.53846153846154, 4)|add": 0.07100000000000001, "(84.61538461538461, 5)|add": -0.010000000000000002, "(84.61538461538461, 6)|add": 0.17100000000000004, "(92.3076923076923, 7)|add": -0.010000000000000002, "(92.3076923076923, 8)|add": -0.010000000000000002, "(69.23076923076923, 2)|add": 0.171, "(69.23076923076923, 3)|merge": -0.010000000000000002, "(69.23076923076923, 4)|add": -0.010000000000000002, "(69.23076923076923, 5)|add": -0.010000000000000002, "(69.23076923076923, 6)|z3": -0.011000000000000001, "(69.23076923076923, 9)|add": -0.010000000000000002, "(69.23076923076923, 2)|z3": -0.030000000000000006, "(69.23076923076923, 5)|remove": 0.019000000000000003, "(69.23076923076923, 4)|z3": -0.030000000000000006, "(69.23076923076923, 7)|add": -0.0029, "(84.61538461538461, 9)|add": 0.09000000000000001, "(92.3076923076923, 10)|add": 0.07100000000000001, "(53.84615384615385, 2)|merge": -0.010000000000000002, "(53.84615384615385, 3)|add": -0.010000000000000002, "(53.84615384615385, 4)|add": 0.09100000000000001, "(69.23076923076923, 4)|remove": 0.010000000000000002, "(69.23076923076923, 3)|add": 0.23471000000000006, "(76.92307692307693, 4)|add": -0.010000000000000002, "(53.84615384615385, 1)|z3": -0.04000000000000001, "(53.84615384615385, 5)|z3": -0.04000000000000001, "(53.84615384615385, 9)|add": 0.09000000000000001, "(69.23076923076923, 10)|add": -0.010000000000000002, "(69.23076923076923, 11)|add": -0.010000000000000002, "(69.23076923076923, 12)|add": -0.010000000000000002, "(76.92307692307693, 2)|z3": 0.09000000000000001, "(84.61538461538461, 3)|add": -0.010000000000000002, "(84.61538461538461, 4)|add": -0.010000000000000002, "(84.61538461538461, 5)|z3": -0.0009999999999999996, "(92.3076923076923, 7)|z3": -0.010000000000000002, "(92.3076923076923, 8)|z3": -0.010000000000000002, "(76.92307692307693, 4)|z3": -0.020000000000000004, "(76.92307692307693, 6)|add": 0.05904900000000002, "(92.3076923076923, 7)|merge": -0.010000000000000002, "(92.3076923076923, 8)|merge": -0.010000000000000002, "(92.3076923076923, 9)|merge": -0.0009999999999999996, "(53.84615384615385, 2)|add": 0.09000000000000001, "(61.53846153846154, 3)|merge": -0.0009999999999999996, "(61.53846153846154, 5)|z3": 0.08000000000000002, "(76.92307692307693, 7)|remove": 0.034390000000000004, "(75.0, 2)|add": -0.010000000000000002, "(75.0, 3)|merge": -0.010000000000000002, "(87.5, 5)|merge": -0.0029, "(100.0, 6)|add": 0.09000000000000001, "(70.0, 3)|z3": 0.10368000000000002, "(70.0, 3)|remove": -0.06632, "(70.0, 4)|merge": -0.0038999999999999994, "(100.0, 8)|add": 0.09000000000000001, "(53.84615384615385, 1)|remove": -0.058951621, "(69.23076923076923, 4)|merge": -0.009, "(69.23076923076923, 7)|z3": -0.030000000000000006, "(69.23076923076923, 6)|remove": 0.010000000000000002, "(69.23076923076923, 9)|z3": -0.030000000000000006, "(84.61538461538461, 10)|add": 0.09000000000000001}